{
  "project_info": {
    "project_number": "194919748633",
    "project_id": "login-register-firebase-4e5ab",
    "storage_bucket": "login-register-firebase-4e5ab.appspot.com"
  },
  "client": [
    {
      "client_info": {
        "mobilesdk_app_id": "1:194919748633:android:1a68973fab99a590c98688",
        "android_client_info": {
          "package_name": "com.example.perrositst"
        }
      },
      "oauth_client": [],
      "api_key": [
        {
          "current_key": "AIzaSyBMWMsjxpTcF6LVrAk7QRQMWxSGtiEZkgY"
        }
      ],
      "services": {
        "appinvite_service": {
          "other_platform_oauth_client": []
        }
      }
    }
  ],
  "configuration_version": "1"
}